Time,Y
1.0,10.0
1.0001,9.985521734231252
1.0002,9.971086775410045
1.0003,9.956694931674672
1.0004,9.94234601229494
1.0005,9.928039827663849
1.0006,9.913776189289324
1.0007,9.899554909786046
1.0008,9.88537580286733
1.0009,9.871238683337088
1.001,9.857143367081864
1.0010999999999999,9.843089671062927
1.0011999999999999,9.829077413308443
1.0012999999999999,9.815106412905719
1.0013999999999998,9.801176489993495
1.0014999999999998,9.787287465754327
1.0015999999999998,9.773439162407026
1.0016999999999998,9.759631403199156
1.0017999999999998,9.745864012399608
1.0018999999999998,9.732136815291227
1.0019999999999998,9.718449638163522
1.0020999999999998,9.704802308305412
1.0021999999999998,9.691194653998057
1.0022999999999997,9.677626504507742
1.0023999999999997,9.664097690078819
1.0024999999999997,9.650608041926716
1.0025999999999997,9.637157392231003
1.0026999999999997,9.623745574128515
1.0027999999999997,9.610372421706536
1.0028999999999997,9.597037769996048
1.0029999999999997,9.58374145496502
1.0030999999999997,9.570483313511776
1.0031999999999996,9.557263183458398
1.0032999999999996,9.544080903544202
1.0033999999999996,9.53093631341926
1.0034999999999996,9.517829253637982
1.0035999999999996,9.504759565652744
1.0036999999999996,9.491727091807578
1.0037999999999996,9.478731675331913
1.0038999999999996,9.465773160334372
1.0039999999999996,9.452851391796608
1.0040999999999995,9.439966215567209
1.0041999999999995,9.427117478355639
1.0042999999999995,9.414305027726243
1.0043999999999995,9.401528712092295
1.0044999999999995,9.388788380710091
1.0045999999999995,9.3760838836731
1.0046999999999995,9.363415071906164
1.0047999999999995,9.350781797159733
1.0048999999999995,9.338183912004167
1.0049999999999994,9.325621269824069
1.0050999999999994,9.313093724812674
1.0051999999999994,9.300601131966282
1.0052999999999994,9.288143347078735
1.0053999999999994,9.275720226735944
1.0054999999999994,9.26333162831045
1.0055999999999994,9.25097740995605
1.0056999999999994,9.238657430602448
1.0057999999999994,9.226371549949956
1.0058999999999994,9.214119628464239
1.0059999999999993,9.201901527371108
1.0060999999999993,9.189717108651346
1.0061999999999993,9.177566235035581
1.0062999999999993,9.165448769999204
1.0063999999999993,9.153364577757317
1.0064999999999993,9.141313523259742
1.0065999999999993,9.129295472186046
1.0066999999999993,9.117310290940624
1.0067999999999993,9.105357846647818
1.0068999999999992,9.09343800714707
1.0069999999999992,9.08155064098812
1.0070999999999992,9.069695617426238
1.0071999999999992,9.0578728064175
1.0072999999999992,9.046082078614095
1.0073999999999992,9.034323305359678
1.0074999999999992,9.022596358684748
1.0075999999999992,9.010901111302081
1.0076999999999992,8.999237436602177
1.0077999999999991,8.987605208648768
1.0078999999999991,8.976004302174335
1.0079999999999991,8.964434592575687
1.008099999999999,8.952895955909556
1.008199999999999,8.941388268888234
1.008299999999999,8.92991140887525
1.008399999999999,8.918465253881068
1.008499999999999,8.90704968255883
1.008599999999999,8.89566457420013
1.008699999999999,8.88430980873082
1.008799999999999,8.872985266706847
1.008899999999999,8.86169082931013
1.008999999999999,8.850426378344459
1.009099999999999,8.839191796231436
1.009199999999999,8.827986966006442
1.009299999999999,8.816811771314637
1.009399999999999,8.805666096406988
1.009499999999999,8.794549826136338
1.009599999999999,8.783462845953494
1.009699999999999,8.772405041903353
1.009799999999999,8.761376300621052
1.009899999999999,8.750376509328154
1.009999999999999,8.73940555582886
1.0100999999999989,8.728463328506253
1.0101999999999989,8.717549716318565
1.0102999999999989,8.706664608795483
1.0103999999999989,8.69580789603447
1.0104999999999988,8.68497946869713
1.0105999999999988,8.674179218005582
1.0106999999999988,8.663407035738887
1.0107999999999988,8.652662814229476
1.0108999999999988,8.641946446359622
1.0109999999999988,8.631257825557935
1.0110999999999988,8.62059684579588
1.0111999999999988,8.60996340158433
1.0112999999999988,8.599357387970137
1.0113999999999987,8.588778700532728
1.0114999999999987,8.578227235380739
1.0115999999999987,8.56770288914866
1.0116999999999987,8.557205558993516
1.0117999999999987,8.546735142591569
1.0118999999999987,8.53629153813504
1.0119999999999987,8.52587464432887
1.0120999999999987,8.515484360387484
1.0121999999999987,8.505120586031603
1.0122999999999986,8.494783221485065
1.0123999999999986,8.48447216747167
1.0124999999999986,8.474187325212057
1.0125999999999986,8.463928596420596
1.0126999999999986,8.45369588330231
1.0127999999999986,8.443489088549812
1.0128999999999986,8.433308115340278
1.0129999999999986,8.423152867332428
1.0130999999999986,8.413023248663535
1.0131999999999985,8.402919163946464
1.0132999999999985,8.39284051826672
1.0133999999999985,8.382787217179523
1.0134999999999985,8.372759166706913
1.0135999999999985,8.362756273334865
1.0136999999999985,8.352778444010427
1.0137999999999985,8.342825586138884
1.0138999999999985,8.332897607580945
1.0139999999999985,8.322994416649935
1.0140999999999984,8.313115922109034
1.0141999999999984,8.303262033168508
1.0142999999999984,8.293432659482981
1.0143999999999984,8.28362771114872
1.0144999999999984,8.273847098700932
1.0145999999999984,8.264090733111097
1.0146999999999984,8.254358525784308
1.0147999999999984,8.244650388556636
1.0148999999999984,8.234966233692505
1.0149999999999983,8.225305973882108
1.0150999999999983,8.215669522238812
1.0151999999999983,8.206056792296607
1.0152999999999983,8.19646769800756
1.0153999999999983,8.186902153739288
1.0154999999999983,8.177360074272462
1.0155999999999983,8.16784137479831
1.0156999999999983,8.158345970916152
1.0157999999999983,8.148873778630945
1.0158999999999982,8.139424714350852
1.0159999999999982,8.129998694884826
1.0160999999999982,8.120595637440204
1.0161999999999982,8.111215459620334
1.0162999999999982,8.101858079422207
1.0163999999999982,8.092523415234105
1.0164999999999982,8.083211385833271
1.0165999999999982,8.073921910383602
1.0166999999999982,8.064654908433338
1.0167999999999981,8.055410299912792
1.0168999999999981,8.046188005132077
1.0169999999999981,8.036987944778861
1.0170999999999981,8.02781003991613
1.017199999999998,8.018654211979973
1.017299999999998,8.00952038277738
1.017399999999998,8.000408474484054
1.017499999999998,7.991318409642242
1.017599999999998,7.982250111158576
1.017699999999998,7.973203502301939
1.017799999999998,7.964178506701334
1.017899999999998,7.955175048343775
1.017999999999998,7.946193051572192
1.018099999999998,7.937232441083351
1.018199999999998,7.928293141925788
1.018299999999998,7.919375079497753
1.018399999999998,7.910478179545179
1.018499999999998,7.901602368159654
1.018599999999998,7.892747571776414
1.018699999999998,7.883913717172346
1.018799999999998,7.875100731464011
1.018899999999998,7.866308542105671
1.018999999999998,7.857537076887338
1.019099999999998,7.848786263932836
1.0191999999999979,7.84005603169787
1.0192999999999979,7.831346308968114
1.0193999999999979,7.822657024857313
1.0194999999999979,7.813988108805393
1.0195999999999978,7.805339490576589
1.0196999999999978,7.796711100257581
1.0197999999999978,7.788102868255648
1.0198999999999978,7.779514725296832
1.0199999999999978,7.7709466024241145
1.0200999999999978,7.7623984309956064
1.0201999999999978,7.753870142682748
1.0202999999999978,7.745361669468526
1.0203999999999978,7.736872943645697
1.0204999999999977,7.728403897815027
1.0205999999999977,7.719954464883543
1.0206999999999977,7.711524578062793
1.0207999999999977,7.7031141708671225
1.0208999999999977,7.6947231771119595
1.0209999999999977,7.68635153091211
1.0210999999999977,7.6779991666800695
1.0211999999999977,7.669666019124343
1.0212999999999977,7.661352023247778
1.0213999999999976,7.653057114345903
1.0214999999999976,7.644781228005287
1.0215999999999976,7.636524300101902
1.0216999999999976,7.628286266799502
1.0217999999999976,7.620067064548006
1.0218999999999976,7.6118666300819
1.0219999999999976,7.603684900418643
1.0220999999999976,7.595521812857092
1.0221999999999976,7.587377304975923
1.0222999999999975,7.579251314632081
1.0223999999999975,7.571143779959224
1.0224999999999975,7.563054639366189
1.0225999999999975,7.554983831535461
1.0226999999999975,7.546931295421656
1.0227999999999975,7.538896970250012
1.0228999999999975,7.530880795514893
1.0229999999999975,7.522882710978298
1.0230999999999975,7.514902656668383
1.0231999999999974,7.506940572877996
1.0232999999999974,7.498996400163215
1.0233999999999974,7.491070079341898
1.0234999999999974,7.483161551492248
1.0235999999999974,7.475270757951378
1.0236999999999974,7.467397640313892
1.0237999999999974,7.459542140430475
1.0238999999999974,7.45170420040649
1.0239999999999974,7.443883762600584
1.0240999999999973,7.436080769623307
1.0241999999999973,7.428295164335735
1.0242999999999973,7.420526889848103
1.0243999999999973,7.412775889518454
1.0244999999999973,7.405042106951285
1.0245999999999973,7.397325485996211
1.0246999999999973,7.389625970746633
1.0247999999999973,7.381943505538418
1.0248999999999973,7.374278034948586
1.0249999999999972,7.366629503794002
1.0250999999999972,7.358997857130085
1.0251999999999972,7.351383040249515
1.0252999999999972,7.343784998680959
1.0253999999999972,7.336203678187794
1.0254999999999972,7.32863902476685
1.0255999999999972,7.3210909846471495
1.0256999999999972,7.313559504288665
1.0257999999999972,7.306044530381078
1.0258999999999971,7.29854600984255
1.0259999999999971,7.291063889818499
1.0260999999999971,7.283598117680384
1.0261999999999971,7.2761486410244975
1.026299999999997,7.268715407670767
1.026399999999997,7.261298365661563
1.026499999999997,7.2538974632605155
1.026599999999997,7.246512648951335
1.026699999999997,7.239143871436647
1.026799999999997,7.231791079636826
1.026899999999997,7.224454222688846
1.026999999999997,7.217133249945128
1.027099999999997,7.209828110972407
1.027199999999997,7.202538755550593
1.027299999999997,7.195265133671651
1.027399999999997,7.1880071955384786
1.027499999999997,7.180764891563798
1.027599999999997,7.17353817236905
1.027699999999997,7.166326988783299
1.027799999999997,7.159131291842141
1.027899999999997,7.15195103278662
1.027999999999997,7.144786163062153
1.028099999999997,7.137636634317459
1.028199999999997,7.130502398403497
1.0282999999999969,7.123383407372409
1.0283999999999969,7.116279613476471
1.0284999999999969,7.109190969167048
1.0285999999999969,7.1021174270935585
1.0286999999999968,7.0950589401024455
1.0287999999999968,7.08801546123615
1.0288999999999968,7.080986943732096
1.0289999999999968,7.073973341021679
1.0290999999999968,7.06697460672926
1.0291999999999968,7.059990694671167
1.0292999999999968,7.053021558854704
1.0293999999999968,7.046067153477165
1.0294999999999968,7.039127432924851
1.0295999999999967,7.0322023517721
1.0296999999999967,7.025291864780316
1.0297999999999967,7.018395926897007
1.0298999999999967,7.011514493254832
1.0299999999999967,7.004647519170646
1.0300999999999967,6.997794960144561
1.0301999999999967,6.990956771859002
1.0302999999999967,6.984132910177778
1.0303999999999967,6.977323331145153
1.0304999999999966,6.970527990984927
1.0305999999999966,6.963746846099515
1.0306999999999966,6.956979853069045
1.0307999999999966,6.950226968650445
1.0308999999999966,6.943488149776549
1.0309999999999966,6.936763353555202
1.0310999999999966,6.930052537268372
1.0311999999999966,6.923355658371266
1.0312999999999966,6.916672674491454
1.0313999999999965,6.910003543427998
1.0314999999999965,6.903348223150583
1.0315999999999965,6.896706671798654
1.0316999999999965,6.890078847680566
1.0317999999999965,6.883464709272726
1.0318999999999965,6.876864215218751
1.0319999999999965,6.870277324328624
1.0320999999999965,6.863703995577863
1.0321999999999965,6.857144188106686
1.0322999999999964,6.8505978612191845
1.0323999999999964,6.844064974382508
1.0324999999999964,6.837545487226044
1.0325999999999964,6.831039359540605
1.0326999999999964,6.824546551277628
1.0327999999999964,6.8180670225483695
1.0328999999999964,6.81160073362311
1.0329999999999964,6.805147644930362
1.0330999999999964,6.798707717056082
1.0331999999999963,6.792280910742891
1.0332999999999963,6.785867186889292
1.0333999999999963,6.779466506548903
1.0334999999999963,6.773078830929683
1.0335999999999963,6.766704121393173
1.0336999999999963,6.760342339453731
1.0337999999999963,6.753993446777784
1.0338999999999963,6.7476574051830704
1.0339999999999963,6.7413341766379
1.0340999999999962,6.735023723260408
1.0341999999999962,6.728726007317821
1.0342999999999962,6.7224409912257235
1.0343999999999962,6.7161686375473275
1.0344999999999962,6.709908908992751
1.0345999999999962,6.703661768418295
1.0346999999999962,6.6974271788257305
1.0347999999999962,6.691205103361587
1.0348999999999962,6.684995505316443
1.0349999999999961,6.678798348124223
1.0350999999999961,6.672613595361502
1.0351999999999961,6.666441210746804
1.0352999999999961,6.6602811581399175
1.035399999999996,6.654133401541206
1.035499999999996,6.647997905090924
1.035599999999996,6.64187463306854
1.035699999999996,6.63576354989206
1.035799999999996,6.629664620117356
1.035899999999996,6.623577808437502
1.035999999999996,6.617503079682107
1.036099999999996,6.611440398816659
1.036199999999996,6.605389730941865
1.036299999999996,6.599351041293004
1.036399999999996,6.593324295239275
1.036499999999996,6.587309458283155
1.036599999999996,6.5813064960597565
1.036699999999996,6.575315374336194
1.036799999999996,6.569336059010947
1.036899999999996,6.563368516113233
1.036999999999996,6.557412711802377
1.037099999999996,6.551468612367198
1.037199999999996,6.54553618422538
1.037299999999996,6.539615393922864
1.0373999999999959,6.533706208133231
1.0374999999999959,6.5278085936571
1.0375999999999959,6.521922517421516
1.0376999999999958,6.516047946479356
1.0377999999999958,6.5101848480087225
1.0378999999999958,6.504333189312359
1.0379999999999958,6.498492937817049
1.0380999999999958,6.492664061073036
1.0381999999999958,6.4868465267534345
1.0382999999999958,6.481040302653652
1.0383999999999958,6.475245356690807
1.0384999999999958,6.469461656903159
1.0385999999999957,6.463689171449536
1.0386999999999957,6.457927868608763
1.0387999999999957,6.4521777167791035
1.0388999999999957,6.446438684477691
1.0389999999999957,6.440710740339974
1.0390999999999957,6.434993853119163
1.0391999999999957,6.4292879916856736
1.0392999999999957,6.423593125026579
1.0393999999999957,6.417909222245066
1.0394999999999956,6.412236252559889
1.0395999999999956,6.406574185304832
1.0396999999999956,6.400922989928173
1.0397999999999956,6.395282635992145
1.0398999999999956,6.389653093172411
1.0399999999999956,6.384034331257533
1.0400999999999956,6.378426320148447
1.0401999999999956,6.37282902985794
1.0402999999999956,6.367242430510137
1.0403999999999956,6.361666492339974
1.0404999999999955,6.356101185692694
1.0405999999999955,6.350546481023333
1.0406999999999955,6.345002348896211
1.0407999999999955,6.339468759984428
1.0408999999999955,6.333945685069366
1.0409999999999955,6.328433095040181
1.0410999999999955,6.322930960893314
1.0411999999999955,6.317439253731995
1.0412999999999955,6.31195794476575
1.0413999999999954,6.306487005309914
1.0414999999999954,6.301026406785147
1.0415999999999954,6.295576120716948
1.0416999999999954,6.290136118735177
1.0417999999999954,6.284706372573575
1.0418999999999954,6.27928685406929
1.0419999999999954,6.273877535162406
1.0420999999999954,6.26847838789547
1.0421999999999954,6.263089384413029
1.0422999999999953,6.25771049696116
1.0423999999999953,6.25234169788701
1.0424999999999953,6.246982959638339
1.0425999999999953,6.241634254763057
1.0426999999999953,6.236295555908777
1.0427999999999953,6.230966835822354
1.0428999999999953,6.225648067349442
1.0429999999999953,6.220339223434045
1.0430999999999953,6.215040277118067
1.0431999999999952,6.20975120154088
1.0432999999999952,6.204471969938872
1.0433999999999952,6.1992025556450185
1.0434999999999952,6.193942932088442
1.0435999999999952,6.18869307279398
1.0436999999999952,6.183452951381758
1.0437999999999952,6.178222541566754
1.0438999999999952,6.1730018171583785
1.0439999999999952,6.167790752060049
1.0440999999999951,6.162589320268768
1.0441999999999951,6.157397495874703
1.0442999999999951,6.152215253060772
1.044399999999995,6.147042566102228
1.044499999999995,6.141879409366244
1.044599999999995,6.136725757311506
1.044699999999995,6.131581584487803
1.044799999999995,6.1264468655356215
1.044899999999995,6.1213215751857435
1.044999999999995,6.116205688258841
1.045099999999995,6.11109917966508
1.045199999999995,6.106002024403724
1.045299999999995,6.100914197562733
1.045399999999995,6.095835674318378
1.045499999999995,6.0907664299348445
1.045599999999995,6.085706439763846
1.045699999999995,6.080655679244235
1.045799999999995,6.075614123901622
1.045899999999995,6.07058174934799
1.045999999999995,6.0655585312813125
1.046099999999995,6.060544445485179
1.046199999999995,6.055539467828413
1.046299999999995,6.050543574264702
1.046399999999995,6.045556740832221
1.0464999999999949,6.040578943653265
1.0465999999999949,6.035610158933879
1.0466999999999949,6.030650362963487
1.0467999999999948,6.025699532114535
1.0468999999999948,6.0207576428421214
1.0469999999999948,6.015824671683637
1.0470999999999948,6.010900595258408
1.0471999999999948,6.0059853902673375
1.0472999999999948,6.001079033492549
1.0473999999999948,5.996181501797033
1.0474999999999948,5.9912927721242974
1.0475999999999948,5.986412821498013
1.0476999999999947,5.981541627021671
1.0477999999999947,5.976679165878231
1.0478999999999947,5.971825415329781
1.0479999999999947,5.966980352717192
1.0480999999999947,5.962143955459777
1.0481999999999947,5.957316201054955
1.0482999999999947,5.95249706707791
1.0483999999999947,5.947686531181254
1.0484999999999947,5.942884571094697
1.0485999999999946,5.938091164624716
1.0486999999999946,5.933306289654217
1.0487999999999946,5.9285299241422145
1.0488999999999946,5.923762046123499
1.0489999999999946,5.919002633708312
1.0490999999999946,5.914251665082028
1.0491999999999946,5.909509118504823
1.0492999999999946,5.904774972311361
1.0493999999999946,5.900049204910474
1.0494999999999945,5.895331794784842
1.0495999999999945,5.890622720490682
1.0496999999999945,5.885921960657429
1.0497999999999945,5.881229493987428
1.0498999999999945,5.876545299255621
1.0499999999999945,5.871869355309238
1.0500999999999945,5.867201641067491
1.0501999999999945,5.862542135521267
1.0502999999999945,5.85789081773282
1.0503999999999944,5.853247666835477
1.0504999999999944,5.848612662033328
1.0505999999999944,5.843985782600929
1.0506999999999944,5.839367007883006
1.0507999999999944,5.834756317294157
1.0508999999999944,5.830153690318553
1.0509999999999944,5.82555910650965
1.0510999999999944,5.820972545489894
1.0511999999999944,5.816393986950431
1.0512999999999944,5.811823410650815
1.0513999999999943,5.807260796418723
1.0514999999999943,5.802706124149668
1.0515999999999943,5.7981593738067145
1.0516999999999943,5.793620525420193
1.0517999999999943,5.7890895590874205
1.0518999999999943,5.784566454972417
1.0519999999999943,5.7800511933056296
1.0520999999999943,5.7755437543836505
1.0521999999999943,5.771044118568945
1.0522999999999942,5.7665522662895725
1.0523999999999942,5.762068178038916
1.0524999999999942,5.757591834375407
1.0525999999999942,5.753123215922256
1.0526999999999942,5.748662303367182
1.0527999999999942,5.7442090774621475
1.0528999999999942,5.739763519023085
1.0529999999999942,5.735325608929638
1.0530999999999942,5.730895328124893
1.0531999999999941,5.726472657615117
1.0532999999999941,5.722057578469498
1.0533999999999941,5.71765007181988
1.053499999999994,5.71325011886051
1.053599999999994,5.708857700847776
1.053699999999994,5.704472799099951
1.053799999999994,5.700095394996937
1.053899999999994,5.695725469980015
1.053999999999994,5.6913630055515885
1.054099999999994,5.687007983274932
1.054199999999994,5.682660384773944
1.054299999999994,5.678320191732893
1.054399999999994,5.673987385896175
1.054499999999994,5.669661949068063
1.054599999999994,5.665343863112463
1.054699999999994,5.661033109952672
1.054799999999994,5.65672967157113
1.054899999999994,5.6524335300091835
1.054999999999994,5.648144667366842
1.055099999999994,5.643863065802539
1.055199999999994,5.639588707532894
1.055299999999994,5.635321574832476
1.055399999999994,5.631061650033566
1.0554999999999939,5.626808915525926
1.0555999999999939,5.622563353756559
1.0556999999999939,5.618324947229483
1.0557999999999939,5.614093678505496
1.0558999999999938,5.609869530201946
1.0559999999999938,5.605652484992505
1.0560999999999938,5.601442525606936
1.0561999999999938,5.597239634830871
1.0562999999999938,5.593043795505579
1.0563999999999938,5.588854990527752
1.0564999999999938,5.5846732028492685
1.0565999999999938,5.58049841547698
1.0566999999999938,5.576330611472488
1.0567999999999937,5.57216977395192
1.0568999999999937,5.568015886085713
1.0569999999999937,5.563868931098397
1.0570999999999937,5.559728892268374
1.0571999999999937,5.555595752927703
1.0572999999999937,5.551469496461887
1.0573999999999937,5.547350106309656
1.0574999999999937,5.543237565962757
1.0575999999999937,5.53913185896574
1.0576999999999936,5.535032968915745
1.0577999999999936,5.530940879462298
1.0578999999999936,5.526855574307095
1.0579999999999936,5.5227770372038
1.0580999999999936,5.518705251957834
1.0581999999999936,5.514640202426171
1.0582999999999936,5.510581872517132
1.0583999999999936,5.50653024619018
1.0584999999999936,5.502485307455721
1.0585999999999935,5.498447040374899
1.0586999999999935,5.494415429059392
1.0587999999999935,5.490390457671216
1.0588999999999935,5.486372110422527
1.0589999999999935,5.482360371575418
1.0590999999999935,5.4783552254417245
1.0591999999999935,5.474356656382827
1.0592999999999935,5.470364648809458
1.0593999999999935,5.466379187181502
1.0594999999999934,5.462400256007808
1.0595999999999934,5.458427839845995
1.0596999999999934,5.454461923302255
1.0597999999999934,5.450502491031172
1.0598999999999934,5.446549527735523
1.0599999999999934,5.442603018166092
1.0600999999999934,5.4386629471214825
1.0601999999999934,5.434729299447931
1.0602999999999934,5.430802060039119
1.0603999999999933,5.426881213835987
1.0604999999999933,5.42296674582655
1.0605999999999933,5.419058641045713
1.0606999999999933,5.415156884575093
1.0607999999999933,5.411261461542829
1.0608999999999933,5.407372357123409
1.0609999999999933,5.40348955653748
1.0610999999999933,5.399613045051677
1.0611999999999933,5.395742807978439
1.0612999999999932,5.391878830675837
1.0613999999999932,5.388021098547387
1.0614999999999932,5.384169597041885
1.0615999999999932,5.380324311653223
1.0616999999999932,5.376485227920218
1.0617999999999932,5.372652331426439
1.0618999999999932,5.368825607800031
1.0619999999999932,5.365005042713546
1.0620999999999932,5.361190621883768
1.0621999999999931,5.357382331071548
1.0622999999999931,5.353580156081628
1.0623999999999931,5.349784082762474
1.0624999999999931,5.34599409700611
1.062599999999993,5.342210184747948
1.062699999999993,5.338432331966622
1.062799999999993,5.334660524683823
1.062899999999993,5.330894748964132
1.062999999999993,5.327134990914858
1.063099999999993,5.32338123668587
1.063199999999993,5.319633472469441
1.063299999999993,5.315891684500078
1.063399999999993,5.312155859054365
1.063499999999993,5.308425982450804
1.063599999999993,5.3047020410496515
1.063699999999993,5.300984021252759
1.063799999999993,5.297271909503418
1.063899999999993,5.293565692286199
1.063999999999993,5.289865356126796
1.064099999999993,5.2861708875918705
1.064199999999993,5.2824822732888945
1.064299999999993,5.278799499865996
1.064399999999993,5.275122554011806
1.064499999999993,5.2714514224553035
1.0645999999999929,5.2677860919656645
1.0646999999999929,5.264126549352107
1.0647999999999929,5.260472781463742
1.0648999999999929,5.256824775189421
1.0649999999999928,5.2531825174575895
1.0650999999999928,5.249545995236133
1.0651999999999928,5.245915195532231
1.0652999999999928,5.242290105392209
1.0653999999999928,5.23867071190139
1.0654999999999928,5.2350570021839475
1.0655999999999928,5.231448963402761
1.0656999999999928,5.2278465827592715
1.0657999999999928,5.224249847493333
1.0658999999999927,5.220658744883071
1.0659999999999927,5.21707326224474
1.0660999999999927,5.213493386932578
1.0661999999999927,5.209919106338667
1.0662999999999927,5.20635040789279
1.0663999999999927,5.20278727906229
1.0664999999999927,5.199229707351932
1.0665999999999927,5.195677680303758
1.0666999999999927,5.192131185496955
1.0667999999999926,5.188590210547714
1.0668999999999926,5.185054743109088
1.0669999999999926,5.181524770870861
1.0670999999999926,5.178000281559408
1.0671999999999926,5.174481262937561
1.0672999999999926,5.170967702804472
1.0673999999999926,5.167459588995479
1.0674999999999926,5.163956909381973
1.0675999999999926,5.160459651871262
1.0676999999999925,5.156967804406441
1.0677999999999925,5.153481354966257
1.0678999999999925,5.150000291564979
1.0679999999999925,5.146524602252267
1.0680999999999925,5.14305427511304
1.0681999999999925,5.139589298267347
1.0682999999999925,5.136129659870237
1.0683999999999925,5.132675348111632
1.0684999999999925,5.129226351216196
1.0685999999999924,5.125782657443208
1.0686999999999924,5.122344255086438
1.0687999999999924,5.1189111324740155
1.0688999999999924,5.115483277968306
1.0689999999999924,5.112060679965787
1.0690999999999924,5.10864332689692
1.0691999999999924,5.105231207226027
1.0692999999999924,5.10182430945117
1.0693999999999924,5.098422622104022
1.0694999999999923,5.095026133749747
1.0695999999999923,5.091634832986881
1.0696999999999923,5.088248708447205
1.0697999999999923,5.084867748795626
1.0698999999999923,5.081491942730059
1.0699999999999923,5.078121278981302
1.0700999999999923,5.0747557463129205
1.0701999999999923,5.071395333521125
1.0702999999999923,5.068040029434656
1.0703999999999922,5.064689822914664
1.0704999999999922,5.061344702854592
1.0705999999999922,5.05800465818006
1.0706999999999922,5.054669677848746
1.0707999999999922,5.051339750850271
1.0708999999999922,5.0480148662060875
1.0709999999999922,5.044695012969357
1.0710999999999922,5.0413801802248415
1.0711999999999922,5.038070357088786
1.0712999999999921,5.03476553270881
1.0713999999999921,5.031465696263787
1.0714999999999921,5.0281708369637395
1.0715999999999921,5.024880944049722
1.071699999999992,5.021596006793712
1.071799999999992,5.018316014498496
1.071899999999992,5.015040956497563
1.071999999999992,5.0117708221549915
1.072099999999992,5.008505600865342
1.072199999999992,5.0052452820535445
1.072299999999992,5.001989855174793
1.072399999999992,4.998739309714438
1.072499999999992,4.995493635187873
1.072599999999992,4.992252821140434
1.072699999999992,4.9890168571472895
1.072799999999992,4.985785732813334
1.072899999999992,4.982559437773084
1.072999999999992,4.979337961690568
1.073099999999992,4.976121294259228
1.073199999999992,4.972909425201808
1.073299999999992,4.969702344270257
1.073399999999992,4.966500041245618
1.073499999999992,4.963302505937933
1.073599999999992,4.960109728186132
1.0736999999999919,4.9569216978579345
1.0737999999999919,4.95373840484975
1.0738999999999919,4.95055983908657
1.0739999999999919,4.947385990521875
1.0740999999999918,4.9442168491375265
1.0741999999999918,4.941052404943672
1.0742999999999918,4.937892647978643
1.0743999999999918,4.9347375683088535
1.0744999999999918,4.931587156028707
1.0745999999999918,4.928441401260491
1.0746999999999918,4.925300294154285
1.0747999999999918,4.922163824887858
1.0748999999999918,4.919031983666574
1.0749999999999917,4.915904760723296
1.0750999999999917,4.912782146318286
1.0751999999999917,4.909664130739112
1.0752999999999917,4.9065507043005505
1.0753999999999917,4.903441857344491
1.0754999999999917,4.900337580239846
1.0755999999999917,4.897237863382448
1.0756999999999917,4.8941426971949635
1.0757999999999917,4.8910520721267945
1.0758999999999916,4.887965978653987
1.0759999999999916,4.884884407279137
1.0760999999999916,4.881807348531301
1.0761999999999916,4.8787347929659
1.0762999999999916,4.875666731164629
1.0763999999999916,4.872603153735368
1.0764999999999916,4.869544051312088
1.0765999999999916,4.866489414554763
1.0766999999999916,4.863439234149276
1.0767999999999915,4.860393500807333
1.0768999999999915,4.857352205266372
1.0769999999999915,4.854315338289474
1.0770999999999915,4.851282890665276
1.0771999999999915,4.848254853207878
1.0772999999999915,4.84523121675676
1.0773999999999915,4.842211972176692
1.0774999999999915,4.839197110357646
1.0775999999999915,4.836186622214712
1.0776999999999914,4.83318049868801
1.0777999999999914,4.830178730742602
1.0778999999999914,4.827181309368408
1.0779999999999914,4.82418822558012
1.0780999999999914,4.8211994704171195
1.0781999999999914,4.818215034943388
1.0782999999999914,4.815234910247426
1.0783999999999914,4.812259087442167
1.0784999999999914,4.809287557664896
1.0785999999999913,4.806320312077164
1.0786999999999913,4.8033573418647055
1.0787999999999913,4.800398638237358
1.0788999999999913,4.7974441924289755
1.0789999999999913,4.7944939956973505
1.0790999999999913,4.7915480393241285
1.0791999999999913,4.788606314614731
1.0792999999999913,4.785668812898272
1.0793999999999913,4.782735525527475
1.0794999999999912,4.779806443878597
1.0795999999999912,4.776881559351347
1.0796999999999912,4.773960863368806
1.0797999999999912,4.771044347377347
1.0798999999999912,4.768132002846556
1.0799999999999912,4.7652238212691564
1.0800999999999912,4.762319794160924
1.0801999999999912,4.759419913060616
1.0802999999999912,4.7565241695298885
1.0803999999999911,4.753632555153223
1.0804999999999911,4.750745061537843
1.0805999999999911,4.747861680313644
1.0806999999999911,4.744982403133115
1.080799999999991,4.742107221671259
1.080899999999991,4.73923612762552
1.080999999999991,4.736369112715708
1.081099999999991,4.733506168683921
1.081199999999991,4.730647287294474
1.081299999999991,4.727792460333819
1.081399999999991,4.724941679610477
1.081499999999991,4.7220949369549565
1.081599999999991,4.719252224219686
1.081699999999991,4.716413533278939
1.081799999999991,4.713578856028759
1.081899999999991,4.710748184386887
1.081999999999991,4.707921510292691
1.082099999999991,4.70509882570709
1.082199999999991,4.702280122612486
1.082299999999991,4.699465393012692
1.082399999999991,4.696654628932855
1.082499999999991,4.693847822419392
1.082599999999991,4.6910449655399145
1.082699999999991,4.688246050383159
1.0827999999999909,4.68545106905892
1.0828999999999909,4.682660013697974
1.0829999999999909,4.679872876452013
1.0830999999999908,4.677089649493576
1.0831999999999908,4.674310325015979
1.0832999999999908,4.671534895233244
1.0833999999999908,4.668763352380034
1.0834999999999908,4.665995688711581
1.0835999999999908,4.66323189650362
1.0836999999999908,4.660471968052323
1.0837999999999908,4.657715895674225
1.0838999999999908,4.654963671706165
1.0839999999999907,4.652215288505212
1.0840999999999907,4.649470738448603
1.0841999999999907,4.646730013933674
1.0842999999999907,4.643993107377793
1.0843999999999907,4.641260011218297
1.0844999999999907,4.638530717912426
1.0845999999999907,4.635805219937253
1.0846999999999907,4.633083509789625
1.0847999999999907,4.630365579986092
1.0848999999999906,4.62765142306285
1.0849999999999906,4.624941031575667
1.0850999999999906,4.6222343980998275
1.0851999999999906,4.6195315152300624
1.0852999999999906,4.61683237558049
1.0853999999999906,4.614136971784548
1.0854999999999906,4.611445296494936
1.0855999999999906,4.608757342383546
1.0856999999999906,4.606073102141406
1.0857999999999906,4.603392568478612
1.0858999999999905,4.600715734124271
1.0859999999999905,4.598042591826434
1.0860999999999905,4.595373134352037
1.0861999999999905,4.592707354486842
1.0862999999999905,4.5900452450353715
1.0863999999999905,4.587386798820848
1.0864999999999905,4.584732008685136
1.0865999999999905,4.582080867488679
1.0866999999999905,4.57943336811044
1.0867999999999904,4.576789503447842
1.0868999999999904,4.5741492664167085
1.0869999999999904,4.5715126499512015
1.0870999999999904,4.568879647003764
1.0871999999999904,4.566250250545063
1.0872999999999904,4.563624453563926
1.0873999999999904,4.561002249067285
1.0874999999999904,4.55838363008012
1.0875999999999904,4.555768589645394
1.0876999999999903,4.553157120824006
1.0877999999999903,4.55054921669472
1.0878999999999903,4.54794487035412
1.0879999999999903,4.545344074916542
1.0880999999999903,4.542746823514027
1.0881999999999903,4.540153109296256
1.0882999999999903,4.537562925430496
1.0883999999999903,4.5349762651015455
1.0884999999999903,4.532393121511676
1.0885999999999902,4.529813487880578
1.0886999999999902,4.527237357445302
1.0887999999999902,4.524664723460207
1.0888999999999902,4.522095579196901
1.0889999999999902,4.51952991794419
1.0890999999999902,4.516967733008021
1.0891999999999902,4.514409017711424
1.0892999999999902,4.511853765394465
1.0893999999999902,4.509301969414184
1.0894999999999901,4.506753623144548
1.0895999999999901,4.504208719976391
1.0896999999999901,4.501667253317362
1.08979999999999,4.499129216591876
1.08989999999999,4.4965946032410535
1.08999999999999,4.494063406722674
1.09009999999999,4.491535620511117
1.09019999999999,4.489011238097315
1.09029999999999,4.486490252988697
1.09039999999999,4.48397265870914
1.09049999999999,4.481458448798913
1.09059999999999,4.478947616814625
1.09069999999999,4.476440156329179
1.09079999999999,4.473936060931715
1.09089999999999,4.47143532422756
1.09099999999999,4.468937939838177
1.09109999999999,4.466443901401116
1.09119999999999,4.463953202569961
1.09129999999999,4.461465837014279
1.09139999999999,4.458981798419573
1.09149999999999,4.456501080487228
1.09159999999999,4.454023676934463
1.09169999999999,4.451549581494285
1.09179999999999,4.449078787915429
1.0918999999999899,4.44661128996232
1.0919999999999899,4.444147081415016
1.0920999999999899,4.4416861560691645
1.0921999999999898,4.43922850773595
1.0922999999999898,4.436774130242046
1.0923999999999898,4.434323017429569
1.0924999999999898,4.431875163156025
1.0925999999999898,4.429430561294268
1.0926999999999898,4.426989205732446
1.0927999999999898,4.424551090373958
1.0928999999999898,4.422116209137404
1.0929999999999898,4.419684555956539
1.0930999999999897,4.417256124780222
1.0931999999999897,4.414830909572375
1.0932999999999897,4.412408904311931
1.0933999999999897,4.409990102992791
1.0934999999999897,4.407574499623775
1.0935999999999897,4.405162088228576
1.0936999999999897,4.402752862845716
1.0937999999999897,4.400346817528497
1.0938999999999897,4.397943946344957
1.0939999999999896,4.395544243377823
1.0940999999999896,4.393147702724469
1.0941999999999896,4.3907543184968665
1.0942999999999896,4.388364084821541
1.0943999999999896,4.385976995839528
1.0944999999999896,4.383593045706325
1.0945999999999896,4.381212228591853
1.0946999999999896,4.378834538680405
1.0947999999999896,4.376459970170605
1.0948999999999895,4.374088517275366
1.0949999999999895,4.371720174221843
1.0950999999999895,4.369354935251388
1.0951999999999895,4.36699279461951
1.0952999999999895,4.364633746595831
1.0953999999999895,4.362277785464038
1.0954999999999895,4.359924905521848
1.0955999999999895,4.357575101080956
1.0956999999999895,4.3552283664669975
1.0957999999999894,4.3528846960195064
1.0958999999999894,4.3505440840918705
1.0959999999999894,4.348206525051288
1.0960999999999894,4.345872013278727
1.0961999999999894,4.343540543168884
1.0962999999999894,4.341212109130141
1.0963999999999894,4.338886705584523
1.0964999999999894,4.3365643269676575
1.0965999999999894,4.334244967728734
1.0966999999999894,4.33192862233046
1.0967999999999893,4.329615285249021
1.0968999999999893,4.3273049509740416
1.0969999999999893,4.3249976140085415
1.0970999999999893,4.322693268868896
1.0971999999999893,4.320391910084797
1.0972999999999893,4.318093532199209
1.0973999999999893,4.315798129768333
1.0974999999999893,4.313505697361563
1.0975999999999893,4.311216229561448
1.0976999999999892,4.3089297209636515
1.0977999999999892,4.306646166176911
1.0978999999999892,4.304365559823001
1.0979999999999892,4.302087896536691
1.0980999999999892,4.299813170965708
1.0981999999999892,4.297541377770694
1.0982999999999892,4.295272511625172
1.0983999999999892,4.293006567215506
1.0984999999999892,4.290743539240857
1.0985999999999891,4.288483422413153
1.0986999999999891,4.286226211457041
1.0987999999999891,4.28397190110986
1.098899999999989,4.281720486121592
1.098999999999989,4.27947196125483
1.099099999999989,4.27722632128474
1.099199999999989,4.27498356099902
1.099299999999989,4.272743675197868
1.099399999999989,4.270506658693937
1.099499999999989,4.268272506312305
1.099599999999989,4.266041212890432
1.099699999999989,4.263812773278128
1.099799999999989,4.2615871823375135
1.099899999999989,4.25936443494298
1.099999999999989,4.257144525981159
1.100099999999989,4.254927450350882
1.100199999999989,4.252713202963145
1.100299999999989,4.250501778741071
1.100399999999989,4.248293172619876
1.100499999999989,4.2460873795468315
1.100599999999989,4.2438843944812294
1.100699999999989,4.241684212394345
1.100799999999989,4.239486828269403
1.1008999999999889,4.237292237101541
1.1009999999999889,4.235100433897776
1.1010999999999889,4.232911413676963
1.1011999999999889,4.230725171469771
1.1012999999999888,4.228541702318637
1.1013999999999888,4.226361001277736
1.1014999999999888,4.224183063412947
1.1015999999999888,4.222007883801816
1.1016999999999888,4.2198354575335255
1.1017999999999888,4.217665779708855
1.1018999999999888,4.215498845440149
1.1019999999999888,4.2133346498512845
1.1020999999999888,4.211173188077634
1.1021999999999887,4.2090144552660345
1.1022999999999887,4.206858446574752
1.1023999999999887,4.204705157173447
1.1024999999999887,4.202554582243145
1.1025999999999887,4.200406716976198
1.1026999999999887,4.198261556576252
1.1027999999999887,4.1961190962582195
1.1028999999999887,4.193979331248239
1.1029999999999887,4.191842256783647
1.1030999999999886,4.189707868112943
1.1031999999999886,4.187576160495756
1.1032999999999886,4.185447129202816
1.1033999999999886,4.183320769515916
1.1034999999999886,4.181197076727884
1.1035999999999886,4.179076046142547
1.1036999999999886,4.176957673074704
1.1037999999999886,4.174841952850089
1.1038999999999886,4.172728880805341
1.1039999999999885,4.170618452287973
1.1040999999999885,4.168510662656337
1.1041999999999885,4.1664055072796
1.1042999999999885,4.164302981537703
1.1043999999999885,4.162203080821335
1.1044999999999885,4.160105800531902
1.1045999999999885,4.158011136081494
1.1046999999999885,4.155919082892853
1.1047999999999885,4.153829636399348
1.1048999999999884,4.151742792044937
1.1049999999999884,4.1496585452841375
1.1050999999999884,4.147576891582001
1.1051999999999884,4.145497826414077
1.1052999999999884,4.143421345266387
1.1053999999999884,4.1413474436353885
1.1054999999999884,4.139276117027951
1.1055999999999884,4.137207360961321
1.1056999999999884,4.135141170963098
1.1057999999999883,4.133077542571196
1.1058999999999883,4.1310164713338215
1.1059999999999883,4.128957952809441
1.1060999999999883,4.126901982566749
1.1061999999999883,4.124848556184643
1.1062999999999883,4.122797669252193
1.1063999999999883,4.120749317368607
1.1064999999999883,4.11870349614321
1.1065999999999883,4.11666020119541
1.1066999999999882,4.11461942815467
1.1067999999999882,4.112581172660479
1.1068999999999882,4.110545430362324
1.1069999999999882,4.108512196919659
1.1070999999999882,4.106481468001882
1.1071999999999882,4.104453239288299
1.1072999999999882,4.102427506468102
1.1073999999999882,4.1004042652403365
1.1074999999999882,4.098383511313876
1.1075999999999881,4.096365240407393
1.1076999999999881,4.094349448249331
1.1077999999999881,4.092336130577876
1.1078999999999881,4.090325283140929
1.107999999999988,4.088316901696081
1.108099999999988,4.0863109820105805
1.108199999999988,4.084307519861309
1.108299999999988,4.082306511034753
1.108399999999988,4.080307951326979
1.108499999999988,4.078311836543603
1.108599999999988,4.076318162499762
1.108699999999988,4.074326925020092
1.108799999999988,4.072338119938698
1.108899999999988,4.0703517430991285
1.108999999999988,4.068367790354346
1.109099999999988,4.066386257566704
1.109199999999988,4.0644071406079165
1.109299999999988,4.062430435359037
1.109399999999988,4.060456137710426
1.109499999999988,4.058484243561727
1.109599999999988,4.0565147488218445
1.109699999999988,4.05454764940891
1.109799999999988,4.052582941250263
1.109899999999988,4.0506206202824195
1.1099999999999879,4.048660682451052
1.1100999999999879,4.046703123710958
1.1101999999999879,4.044747940026037
1.1102999999999879,4.042795127369265
1.1103999999999878,4.04084468172267
1.1104999999999878,4.038896599077304
1.1105999999999878,4.0369508754332175
1.1106999999999878,4.035007506799438
1.1107999999999878,4.033066489193942
1.1108999999999878,4.03112781864363
1.1109999999999878,4.029191491184301
1.1110999999999878,4.027257502860631
1.1111999999999878,4.025325849726143
1.1112999999999877,4.023396527843186
1.1113999999999877,4.021469533282908
1.1114999999999877,4.019544862125235
1.1115999999999877,4.0176225104588426
1.1116999999999877,4.015702474381133
1.1117999999999877,4.0137847499982096
1.1118999999999877,4.0118693334248565
1.1119999999999877,4.0099562207845105
1.1120999999999877,4.008045408209238
1.1121999999999876,4.00613689183971
1.1122999999999876,4.004230667825182
1.1123999999999876,4.002326732323466
1.1124999999999876,4.000425081500907
1.1125999999999876,3.9985257115323627
1.1126999999999876,3.996628618601176
1.1127999999999876,3.994733798899154
1.1128999999999876,3.9928412486265437
1.1129999999999876,3.9909509639920078
1.1130999999999875,3.989062941212603
1.1131999999999875,3.987177176513756
1.1132999999999875,3.9852936661292397
1.1133999999999875,3.983412406301151
1.1134999999999875,3.981533393279887
1.1135999999999875,3.979656623324124
1.1136999999999875,3.977782092700792
1.1137999999999875,3.975909797685053
1.1138999999999875,3.9740397345602787
1.1139999999999874,3.972171899618029
1.1140999999999874,3.970306289158026
1.1141999999999874,3.968442899488135
1.1142999999999874,3.9665817269243404
1.1143999999999874,3.9647227677907235
1.1144999999999874,3.9628660184194406
1.1145999999999874,3.9610114751507006
1.1146999999999874,3.9591591343327432
1.1147999999999874,3.9573089923218165
1.1148999999999873,3.9554610454821555
1.1149999999999873,3.953615290185959
1.1150999999999873,3.9517717228133695
1.1151999999999873,3.9499303397524503
1.1152999999999873,3.9480911373991647
1.1153999999999873,3.946254112157353
1.1154999999999873,3.9444192604387123
1.1155999999999873,3.9425865786627745
1.1156999999999873,3.940756063256885
1.1157999999999872,3.9389277106561815
1.1158999999999872,3.9371015173035726
1.1159999999999872,3.9352774796497165
1.1160999999999872,3.933455594153
1.1161999999999872,3.9316358572795176
1.1162999999999872,3.9298182655030502
1.1163999999999872,3.9280028153050446
1.1164999999999872,3.9261895031745926
1.1165999999999872,3.92437832560841
1.1166999999999871,3.9225692791108155
1.1167999999999871,3.9207623601937116
1.1168999999999871,3.9189575653765623
1.1169999999999871,3.917154891186373
1.117099999999987,3.915354334157672
1.117199999999987,3.913555890832486
1.117299999999987,3.9117595577603246
1.117399999999987,3.909965331498156
1.117499999999987,3.90817320861039
1.117599999999987,3.906383185668856
1.117699999999987,3.9045952592527824
1.117799999999987,3.9028094259487798
1.117899999999987,3.9010256823508174
1.117999999999987,3.8992440250602054
1.118099999999987,3.897464450685574
1.118199999999987,3.895686955842855
1.118299999999987,3.893911537155261
1.118399999999987,3.8921381912532658
1.118499999999987,3.890366914774586
1.118599999999987,3.8885977043641606
1.118699999999987,3.8868305566741315
1.118799999999987,3.8850654683638246
1.118899999999987,3.8833024360997306
1.118999999999987,3.8815414565554858
1.1190999999999869,3.8797825264118524
1.1191999999999869,3.8780256423566994
1.1192999999999869,3.876270801084985
1.1193999999999868,3.8745179992987353
1.1194999999999868,3.8727672337070276
1.1195999999999868,3.87101850102597
1.1196999999999868,3.8692717979786835
1.1197999999999868,3.8675271212952835
1.1198999999999868,3.8657844677128597
1.1199999999999868,3.8640438339754586
1.1200999999999868,3.8623052168340655
1.1201999999999868,3.8605686130465844
1.1202999999999868,3.8588340193778214
1.1203999999999867,3.857101432599465
1.1204999999999867,3.855370849490067
1.1205999999999867,3.8536422668350276
1.1206999999999867,3.851915681426574
1.1207999999999867,3.8501910900637424
1.1208999999999867,3.848468489552362
1.1209999999999867,3.8467478767050363
1.1210999999999867,3.8450292483411235
1.1211999999999867,3.84331260128672
1.1212999999999866,3.8415979323746425
1.1213999999999866,3.83988523844441
1.1214999999999866,3.8381745163422263
1.1215999999999866,3.8364657629209615
1.1216999999999866,3.834758975040135
1.1217999999999866,3.833054149565899
1.1218999999999866,3.831351283371019
1.1219999999999866,3.829650373334857
1.1220999999999866,3.8279514163433546
1.1221999999999865,3.8262544092890156
1.1222999999999865,3.824559349070889
1.1223999999999865,3.8228662325945497
1.1224999999999865,3.8211750567720846
1.1225999999999865,3.8194858185220726
1.1226999999999865,3.8177985147695694
1.1227999999999865,3.8161131424460897
1.1228999999999865,3.8144296984895893
1.1229999999999865,3.812748179844451
1.1230999999999864,3.811068583461464
1.1231999999999864,3.8093909062978106
1.1232999999999864,3.807715145317047
1.1233999999999864,3.806041297489087
1.1234999999999864,3.8043693597901878
1.1235999999999864,3.802699329202929
1.1236999999999864,3.8010312027162003
1.1237999999999864,3.7993649773251823
1.1238999999999864,3.7977006500313313
1.1239999999999863,3.7960382178423626
1.1240999999999863,3.794377677772234
1.1241999999999863,3.7927190268411293
1.1242999999999863,3.791062262075443
1.1243999999999863,3.7894073805077633
1.1244999999999863,3.787754379176856
1.1245999999999863,3.7861032551276494
1.1246999999999863,3.784454005411216
1.1247999999999863,3.7828066270847596
1.1248999999999862,3.7811611172115964
1.1249999999999862,3.7795174728611416
1.1250999999999862,3.7778756911088918
1.1251999999999862,3.7762357690364103
1.1252999999999862,3.7745977037313105
1.1253999999999862,3.7729614922872408
1.1254999999999862,3.7713271318038686
1.1255999999999862,3.7696946193868657
1.1256999999999862,3.768063952147891
1.1257999999999861,3.766435127204576
1.1258999999999861,3.764808141680511
1.1259999999999861,3.7631829927052256
1.1260999999999861,3.7615596774141777
1.126199999999986,3.759938192948735
1.126299999999986,3.758318536456162
1.126399999999986,3.756700705089604
1.126499999999986,3.7550846960080704
1.126599999999986,3.7534705063764218
1.126699999999986,3.7518581333653547
1.126799999999986,3.750247574151385
1.126899999999986,3.748638825916834
1.126999999999986,3.747031885849814
1.127099999999986,3.7454267511442123
1.127199999999986,3.7438234189996766
1.127299999999986,3.7422218866216013
1.127399999999986,3.740622151221111
1.127499999999986,3.7390242100150473
1.127599999999986,3.737428060225954
1.127699999999986,3.735833699082061
1.127799999999986,3.734241123817272
1.127899999999986,3.7326503316711475
1.127999999999986,3.731061319888893
1.128099999999986,3.729474085721342
1.1281999999999859,3.727888626424944
1.1282999999999859,3.7263049392617473
1.1283999999999859,3.724723021499388
1.1284999999999858,3.7231428704110736
1.1285999999999858,3.7215644832755688
1.1286999999999858,3.7199878573771823
1.1287999999999858,3.7184129900057528
1.1288999999999858,3.716839878456633
1.1289999999999858,3.715268520030678
1.1290999999999858,3.71369891203423
1.1291999999999858,3.7121310517791035
1.1292999999999858,3.7105649365825744
1.1293999999999857,3.7090005637673626
1.1294999999999857,3.7074379306616208
1.1295999999999857,3.7058770345989185
1.1296999999999857,3.7043178729182307
1.1297999999999857,3.7027604429639225
1.1298999999999857,3.7012047420857352
1.1299999999999857,3.699650767638775
1.1300999999999857,3.6980985169834955
1.1301999999999857,3.6965479874856886
1.1302999999999856,3.694999176516468
1.1303999999999856,3.6934520814522562
1.1304999999999856,3.6919066996747727
1.1305999999999856,3.6903630285710185
1.1306999999999856,3.6888210655332636
1.1307999999999856,3.6872808079590347
1.1308999999999856,3.6857422532511004
1.1309999999999856,3.684205398817459
1.1310999999999856,3.6826702420713247
1.1311999999999856,3.6811367804311153
1.1312999999999855,3.679605011320438
1.1313999999999855,3.6780749321680775
1.1314999999999855,3.676546540407982
1.1315999999999855,3.675019833479251
1.1316999999999855,3.6734948088261223
1.1317999999999855,3.671971463897958
1.1318999999999855,3.670449796149233
1.1319999999999855,3.6689298030395214
1.1320999999999855,3.6674114820334847
1.1321999999999854,3.6658948306008576
1.1322999999999854,3.6643798462164368
1.1323999999999854,3.662866526360067
1.1324999999999854,3.6613548685166286
1.1325999999999854,3.659844870176027
1.1326999999999854,3.658336528833176
1.1327999999999854,3.6568298419879905
1.1328999999999854,3.655324807145369
1.1329999999999854,3.6538214218151843
1.1330999999999853,3.6523196835122707
1.1331999999999853,3.65081958975641
1.1332999999999853,3.649321138072322
1.1333999999999853,3.647824325989649
1.1334999999999853,3.6463291510429454
1.1335999999999853,3.644835610771666
1.1336999999999853,3.643343702720153
1.1337999999999853,3.6418534244376226
1.1338999999999853,3.6403647734781557
1.1339999999999852,3.638877747400683
1.1340999999999852,3.6373923437689752
1.1341999999999852,3.63590856015163
1.1342999999999852,3.6344263941220603
1.1343999999999852,3.632945843258481
1.1344999999999852,3.6314669051439
1.1345999999999852,3.629989577366103
1.1346999999999852,3.628513857517645
1.1347999999999852,3.627039743195836
1.1348999999999851,3.6255672320027292
1.1349999999999851,3.624096321545112
1.1350999999999851,3.6226270094344915
1.135199999999985,3.621159293287083
1.135299999999985,3.619693170723801
1.135399999999985,3.6182286393702454
1.135499999999985,3.6167656968566892
1.135599999999985,3.6153043408180694
1.135699999999985,3.613844568893974
1.135799999999985,3.612386378728631
1.135899999999985,3.6109297679708963
1.135999999999985,3.6094747342742437
1.136099999999985,3.608021275296753
1.136199999999985,3.606569388701097
1.136299999999985,3.605119072154533
1.136399999999985,3.6036703233288905
1.136499999999985,3.602223139900558
1.136599999999985,3.600777519550476
1.136699999999985,3.599333459964121
1.136799999999985,3.5978909588314987
1.136899999999985,3.5964500138471296
1.136999999999985,3.5950106227100407
1.137099999999985,3.5935727831237525
1.137199999999985,3.592136492796269
1.1372999999999849,3.590701749440066
1.1373999999999849,3.5892685507720814
1.1374999999999849,3.5878368945137025
1.1375999999999848,3.5864067783907574
1.1376999999999848,3.584978200133502
1.1377999999999848,3.5835511574766117
1.1378999999999848,3.5821256481591672
1.1379999999999848,3.580701669924647
1.1380999999999848,3.579279220520915
1.1381999999999848,3.5778582977002107
1.1382999999999848,3.5764388992191374
1.1383999999999848,3.575021022838653
1.1384999999999847,3.5736046663240595
1.1385999999999847,3.5721898274449897
1.1386999999999847,3.5707765039754005
1.1387999999999847,3.5693646936935597
1.1388999999999847,3.567954394382037
1.1389999999999847,3.5665456038276933
1.1390999999999847,3.5651383198216697
1.1391999999999847,3.5637325401593776
1.1392999999999847,3.5623282626404884
1.1393999999999846,3.5609254850689234
1.1394999999999846,3.5595242052528424
1.1395999999999846,3.5581244210046354
1.1396999999999846,3.556726130140911
1.1397999999999846,3.5553293304824867
1.1398999999999846,3.5539340198543776
1.1399999999999846,3.5525401960857885
1.1400999999999846,3.551147857010102
1.1401999999999846,3.549757000464869
1.1402999999999845,3.5483676242917994
1.1403999999999845,3.546979726336751
1.1404999999999845,3.5455933044497194
1.1405999999999845,3.5442083564848295
1.1406999999999845,3.5428248803003237
1.1407999999999845,3.541442873758554
1.1408999999999845,3.5400623347259708
1.1409999999999845,3.5386832610731127
1.1410999999999845,3.5373056506745986
1.1411999999999844,3.535929501409116
1.1412999999999844,3.5345548111594116
1.1413999999999844,3.5331815778122833
1.1414999999999844,3.5318097992585678
1.1415999999999844,3.530439473393133
1.1416999999999844,3.529070598114868
1.1417999999999844,3.5277031713266718
1.1418999999999844,3.526337190935447
1.1419999999999844,3.5249726548520868
1.1420999999999843,3.523609560991468
1.1421999999999843,3.52224790727244
1.1422999999999843,3.520887691617816
1.1423999999999843,3.519528911954364
1.1424999999999843,3.5181715662127955
1.1425999999999843,3.5168156523277587
1.1426999999999843,3.515461168237827
1.1427999999999843,3.514108111885491
1.1428999999999843,3.5127564812171483
1.1429999999999843,3.5114062741830954
1.1430999999999842,3.510057488737517
1.1431999999999842,3.5087101228384774
1.1432999999999842,3.5073641744479116
1.1433999999999842,3.506019641531616
1.1434999999999842,3.504676522059239
1.1435999999999842,3.5033348140042717
1.1436999999999842,3.5019945153440393
1.1437999999999842,3.500655624059692
1.1438999999999842,3.499318138136196
1.1439999999999841,3.497982055562323
1.1440999999999841,3.4966473743306445
1.1441999999999841,3.495314092437519
1.144299999999984,3.4939822078830853
1.144399999999984,3.4926517186712536
1.144499999999984,3.491322622809696
1.144599999999984,3.4899949183098373
1.144699999999984,3.4886686031868472
1.144799999999984,3.4873436754596305
1.144899999999984,3.486020133150819
1.144999999999984,3.4846979742867625
1.145099999999984,3.483377196897519
1.145199999999984,3.482057799016849
1.145299999999984,3.480739778682202
1.145399999999984,3.4794231339347137
1.145499999999984,3.4781078628191917
1.145599999999984,3.476793963384111
1.145699999999984,3.475481433681603
1.145799999999984,3.474170271767448
1.145899999999984,3.4728604757010673
1.145999999999984,3.471552043545512
1.146099999999984,3.4702449733674583
1.146199999999984,3.4689392632371954
1.1462999999999839,3.4676349112286196
1.1463999999999839,3.4663319154192243
1.1464999999999839,3.465030273890093
1.1465999999999839,3.463729984725889
1.1466999999999838,3.46243104601485
1.1467999999999838,3.4611334558487767
1.1468999999999838,3.459837212323025
1.1469999999999838,3.4585423135365008
1.1470999999999838,3.4572487575916466
1.1471999999999838,3.4559565425944383
1.1472999999999838,3.454665666654374
1.1473999999999838,3.4533761278844652
1.1474999999999838,3.4520879244012326
1.1475999999999837,3.450801054324693
1.1476999999999837,3.4495155157783546
1.1477999999999837,3.4482313068892076
1.1478999999999837,3.446948425787716
1.1479999999999837,3.4456668706078104
1.1480999999999837,3.4443866394868787
1.1481999999999837,3.4431077305657594
1.1482999999999837,3.4418301419887323
1.1483999999999837,3.440553871903512
1.1484999999999836,3.439278918461239
1.1485999999999836,3.438005279816471
1.1486999999999836,3.436732954127177
1.1487999999999836,3.435461939554728
1.1488999999999836,3.4341922342638895
1.1489999999999836,3.432923836422814
1.1490999999999836,3.431656744203032
1.1491999999999836,3.4303909557794454
1.1492999999999836,3.4291264693303196
1.1493999999999835,3.4278632830372757
1.1494999999999835,3.426601395085282
1.1495999999999835,3.4253408036626474
1.1496999999999835,3.4240815069610124
1.1497999999999835,3.4228235031753433
1.1498999999999835,3.4215667905039227
1.1499999999999835,3.4203113671483423
1.1500999999999835,3.419057231313497
1.1501999999999835,3.4178043812075742
1.1502999999999834,3.41655281504205
1.1503999999999834,3.415302531031678
1.1504999999999834,3.4140535273944836
1.1505999999999834,3.4128058023517576
1.1506999999999834,3.411559354128046
1.1507999999999834,3.410314180951145
1.1508999999999834,3.409070281052091
1.1509999999999834,3.4078276526651576
1.1510999999999834,3.4065862940278424
1.1511999999999833,3.4053462033808644
1.1512999999999833,3.4041073789681535
1.1513999999999833,3.402869819036846
1.1514999999999833,3.4016335218372737
1.1515999999999833,3.400398485622961
1.1516999999999833,3.3991647086506136
1.1517999999999833,3.3979321891801133
1.1518999999999833,3.396700925474511
1.1519999999999833,3.395470915800018
1.1520999999999832,3.394242158426
1.1521999999999832,3.3930146516249704
1.1522999999999832,3.391788393672581
1.1523999999999832,3.3905633828476165
1.1524999999999832,3.389339617431988
1.1525999999999832,3.388117095710724
1.1526999999999832,3.386895815971965
1.1527999999999832,3.385675776506955
1.1528999999999832,3.384456975610036
1.1529999999999831,3.3832394115786397
1.1530999999999831,3.382023082713281
1.1531999999999831,3.3808079873175503
1.1532999999999831,3.3795941236981086
1.153399999999983,3.3783814901646787
1.153499999999983,3.377170085030038
1.153599999999983,3.3759599066100137
1.153699999999983,3.3747509532234727
1.153799999999983,3.3735432231923186
1.153899999999983,3.3723367148414813
1.153999999999983,3.3711314264989123
1.154099999999983,3.369927356495577
1.154199999999983,3.3687245031654487
1.154299999999983,3.3675228648455007
1.154399999999983,3.3663224398757006
1.154499999999983,3.3651232265990028
1.154599999999983,3.3639252233613424
1.154699999999983,3.3627284285116277
1.154799999999983,3.3615328404017344
1.154899999999983,3.360338457386498
1.154999999999983,3.3591452778237083
1.155099999999983,3.3579533000741018
1.155199999999983,3.3567625225013553
1.155299999999983,3.3555729434720796
1.1553999999999829,3.3543845613558125
1.1554999999999829,3.353197374525013
1.1555999999999829,3.3520113813550534
1.1556999999999829,3.350826580224214
1.1557999999999828,3.3496429695136762
1.1558999999999828,3.3484605476075164
1.1559999999999828,3.3472793128926983
1.1560999999999828,3.3460992637590676
1.1561999999999828,3.3449203985993456
1.1562999999999828,3.343742715809122
1.1563999999999828,3.342566213786849
1.1564999999999828,3.3413908909338343
1.1565999999999828,3.3402167456542364
1.1566999999999827,3.3390437763550564
1.1567999999999827,3.3378719814461317
1.1568999999999827,3.3367013593401316
1.1569999999999827,3.3355319084525483
1.1570999999999827,3.3343636272016934
1.1571999999999827,3.3331965140086894
1.1572999999999827,3.3320305672974646
1.1573999999999827,3.3308657854947468
1.1574999999999827,3.329702167030056
1.1575999999999826,3.3285397103357
1.1576999999999826,3.327378413846767
1.1577999999999826,3.326218276001119
1.1578999999999826,3.325059295239387
1.1579999999999826,3.3239014700049645
1.1580999999999826,3.3227447987440004
1.1581999999999826,3.321589279905394
1.1582999999999826,3.320434911940788
1.1583999999999826,3.3192816933045637
1.1584999999999825,3.3181296224538332
1.1585999999999825,3.3169786978484352
1.1586999999999825,3.3158289179509275
1.1587999999999825,3.314680281226582
1.1588999999999825,3.313532786143378
1.1589999999999825,3.3123864311719964
1.1590999999999825,3.3112412147858143
1.1591999999999825,3.3100971354608983
1.1592999999999825,3.308954191675999
1.1593999999999824,3.3078123819125445
1.1594999999999824,3.3066717046546357
1.1595999999999824,3.305532158389039
1.1596999999999824,3.3043937416051823
1.1597999999999824,3.3032564527951465
1.1598999999999824,3.302120290453662
1.1599999999999824,3.3009852530781014
1.1600999999999824,3.2998513391684754
1.1601999999999824,3.2987185472274247
1.1602999999999823,3.2975868757602163
1.1603999999999823,3.2964563232747364
1.1604999999999823,3.295326888281485
1.1605999999999823,3.294198569293571
1.1606999999999823,3.2930713648267056
1.1607999999999823,3.2919452733991963
1.1608999999999823,3.290820293531942
1.1609999999999823,3.289696423748427
1.1610999999999823,3.2885736625747164
1.1611999999999822,3.2874520085394474
1.1612999999999822,3.2863314601738276
1.1613999999999822,3.2852120160116263
1.1614999999999822,3.284093674589171
1.1615999999999822,3.2829764344453407
1.1616999999999822,3.28186029412156
1.1617999999999822,3.2807452521617946
1.1618999999999822,3.2796313071125454
1.1619999999999822,3.2785184575228428
1.1620999999999821,3.277406701944241
1.1621999999999821,3.2762960389308136
1.1622999999999821,3.275186467039146
1.1623999999999821,3.2740779848283323
1.162499999999982,3.2729705908599684
1.162599999999982,3.2718642836981466
1.162699999999982,3.2707590619094513
1.162799999999982,3.269654924062952
1.162899999999982,3.2685518687301993
1.162999999999982,3.2674498944852184
1.163099999999982,3.266348999904505
1.163199999999982,3.2652491835670183
1.163299999999982,3.2641504440541778
1.163399999999982,3.2630527799498554
1.163499999999982,3.2619561898403724
1.163599999999982,3.260860672314493
1.163699999999982,3.2597662259634195
1.163799999999982,3.258672849380786
1.163899999999982,3.2575805411626546
1.163999999999982,3.2564892999075097
1.164099999999982,3.255399124216252
1.164199999999982,3.254310012692194
1.164299999999982,3.2532219639410553
1.164399999999982,3.252134976570956
1.1644999999999819,3.2510490491924124
1.1645999999999819,3.249964180418332
1.1646999999999819,3.2488803688640084
1.1647999999999818,3.247797613147115
1.1648999999999818,3.246715911887702
1.1649999999999818,3.245635263708188
1.1650999999999818,3.244555667233359
1.1651999999999818,3.24347712109036
1.1652999999999818,3.242399623908692
1.1653999999999818,3.241323174320206
1.1654999999999818,3.240247770959097
1.1655999999999818,3.239173412461902
1.1656999999999818,3.238100097467491
1.1657999999999817,3.2370278246170656
1.1658999999999817,3.235956592554152
1.1659999999999817,3.2348863999245956
1.1660999999999817,3.2338172453765583
1.1661999999999817,3.232749127560511
1.1662999999999817,3.2316820451292307
1.1663999999999817,3.2306159967377943
1.1664999999999817,3.229550981043574
1.1665999999999817,3.228486996706233
1.1666999999999816,3.2274240423877187
1.1667999999999816,3.226362116752261
1.1668999999999816,3.2253012184663645
1.1669999999999816,3.2242413461988053
1.1670999999999816,3.2231824986206252
1.1671999999999816,3.222124674405128
1.1672999999999816,3.2210678722278736
1.1673999999999816,3.2200120907666734
1.1674999999999816,3.2189573287015865
1.1675999999999815,3.217903584714913
1.1676999999999815,3.2168508574911914
1.1677999999999815,3.215799145717192
1.1678999999999815,3.2147484480819144
1.1679999999999815,3.2136987632765797
1.1680999999999815,3.212650089994628
1.1681999999999815,3.211602426931714
1.1682999999999815,3.2105557727857
1.1683999999999815,3.2095101262566543
1.1684999999999814,3.208465486046843
1.1685999999999814,3.207421850860729
1.1686999999999814,3.2063792194049645
1.1687999999999814,3.205337590388388
1.1688999999999814,3.204296962522019
1.1689999999999814,3.203257334519053
1.1690999999999814,3.2022187050948587
1.1691999999999814,3.2011810729669707
1.1692999999999814,3.2001444368550875
1.1693999999999813,3.1991087954810653
1.1694999999999813,3.1980741475689136
1.1695999999999813,3.197040491844792
1.1696999999999813,3.1960078270370036
1.1697999999999813,3.1949761518759923
1.1698999999999813,3.1939454650943375
1.1699999999999813,3.1929157654267493
1.1700999999999813,3.1918870516100646
1.1701999999999813,3.1908593223832424
1.1702999999999812,3.1898325764873596
1.1703999999999812,3.188806812665606
1.1704999999999812,3.18778202966328
1.1705999999999812,3.186758226227785
1.1706999999999812,3.185735401108624
1.1707999999999812,3.184713553057395
1.1708999999999812,3.1836926808277877
1.1709999999999812,3.1826727831755783
1.1710999999999812,3.181653858858626
1.1711999999999811,3.1806359066368666
1.1712999999999811,3.1796189252723113
1.1713999999999811,3.1786029135290392
1.1714999999999811,3.177587870173195
1.171599999999981,3.1765737939729846
1.171699999999981,3.175560683698669
1.171799999999981,3.1745485381225627
1.171899999999981,3.1735373560190268
1.171999999999981,3.1725271361644665
1.172099999999981,3.171517877337326
1.172199999999981,3.170509578318085
1.172299999999981,3.1695022378892537
1.172399999999981,3.1684958548353683
1.172499999999981,3.1674904279429885
1.172599999999981,3.166485956000691
1.172699999999981,3.1654824377990667
1.172799999999981,3.164479872130716
1.172899999999981,3.163478257790246
1.172999999999981,3.162477593574264
1.173099999999981,3.1614778782813744
1.173199999999981,3.1604791107121755
1.173299999999981,3.159481289669254
1.173399999999981,3.158484413957181
1.173499999999981,3.1574884823825093
1.1735999999999809,3.156493493753768
1.1736999999999809,3.155499446881458
1.1737999999999809,3.154506340578049
1.1738999999999808,3.1535141736579755
1.1739999999999808,3.1525229449376315
1.1740999999999808,3.1515326532353676
1.1741999999999808,3.1505432973714864
1.1742999999999808,3.1495548761682386
1.1743999999999808,3.1485673884498193
1.1744999999999808,3.147580833042363
1.1745999999999808,3.1465952087739417
1.1746999999999808,3.1456105144745576
1.1747999999999807,3.144626748976142
1.1748999999999807,3.1436439111125507
1.1749999999999807,3.1426619997195586
1.1750999999999807,3.141681013634858
1.1751999999999807,3.140700951698052
1.1752999999999807,3.1397218127506537
1.1753999999999807,3.138743595636079
1.1754999999999807,3.1377662991996456
1.1755999999999807,3.1367899222885667
1.1756999999999806,3.1358144637519487
1.1757999999999806,3.134839922440787
1.1758999999999806,3.1338662972079607
1.1759999999999806,3.1328935869082315
1.1760999999999806,3.1319217903982377
1.1761999999999806,3.13095090653649
1.1762999999999806,3.1299809341833704
1.1763999999999806,3.129011872201125
1.1764999999999806,3.128043719453862
1.1765999999999806,3.1270764748075486
1.1766999999999805,3.126110137130005
1.1767999999999805,3.1251447052909023
1.1768999999999805,3.1241801781617586
1.1769999999999805,3.1232165546159343
1.1770999999999805,3.122253833528629
1.1771999999999805,3.1212920137768774
1.1772999999999805,3.1203310942395466
1.1773999999999805,3.119371073797331
1.1774999999999805,3.118411951332749
1.1775999999999804,3.1174537257301402
1.1776999999999804,3.11649639587566
1.1777999999999804,3.115539960657277
1.1778999999999804,3.114584418964769
1.1779999999999804,3.1136297696897195
1.1780999999999804,3.112676011725515
1.1781999999999804,3.111723143967338
1.1782999999999804,3.110771165312168
1.1783999999999804,3.1098200746587743
1.1784999999999803,3.1088698709077134
1.1785999999999803,3.107920552961326
1.1786999999999803,3.1069721197237326
1.1787999999999803,3.10602457010083
1.1788999999999803,3.105077903000289
1.1789999999999803,3.1041321173315475
1.1790999999999803,3.1031872120058113
1.1791999999999803,3.102243185936047
1.1792999999999803,3.1013000380369804
1.1793999999999802,3.1003577672250917
1.1794999999999802,3.099416372418613
1.1795999999999802,3.0984758525375242
1.1796999999999802,3.0975362065035497
1.1797999999999802,3.0965974332401545
1.1798999999999802,3.0956595316725406
1.1799999999999802,3.094722500727644
1.1800999999999802,3.093786339334132
1.1801999999999802,3.0928510464223975
1.1802999999999801,3.091916620924557
1.1803999999999801,3.0909830617744474
1.1804999999999801,3.090050367907621
1.18059999999998,3.0891185382613444
1.18069999999998,3.088187571774592
1.18079999999998,3.087257467388046
1.18089999999998,3.0863282240440904
1.18099999999998,3.0853998406868075
1.18109999999998,3.084472316261977
1.18119999999998,3.08354564971707
1.18129999999998,3.0826198400012466
1.18139999999998,3.0816948860653532
1.18149999999998,3.0807707868619176
1.18159999999998,3.0798475413451465
1.18169999999998,3.0789251484709226
1.18179999999998,3.0780036071968
1.18189999999998,3.0770829164820026
1.18199999999998,3.0761630752874183
1.18209999999998,3.0752440825755976
1.18219999999998,3.0743259373107503
1.18229999999998,3.073408638458741
1.18239999999998,3.072492184987087
1.18249999999998,3.071576575864954
1.18259999999998,3.070661810063153
1.1826999999999799,3.069747886554137
1.1827999999999799,3.0688348043119995
1.1828999999999799,3.067922562312468
1.1829999999999798,3.0670111595329033
1.1830999999999798,3.066100594952295
1.1831999999999798,3.0651908675512587
1.1832999999999798,3.064281976312033
1.1833999999999798,3.0633739202184747
1.1834999999999798,3.0624666982560584
1.1835999999999798,3.0615603094118713
1.1836999999999798,3.0606547526746097
1.1837999999999798,3.0597500270345774
1.1838999999999797,3.058846131483681
1.1839999999999797,3.0579430650154267
1.1840999999999797,3.0570408266249194
1.1841999999999797,3.0561394153088566
1.1842999999999797,3.0552388300655267
1.1843999999999797,3.0543390698948056
1.1844999999999797,3.0534401337981545
1.1845999999999797,3.0525420207786147
1.1846999999999797,3.051644729840806
1.1847999999999796,3.0507482599909235
1.1848999999999796,3.0498526102367336
1.1849999999999796,3.048957779587572
1.1850999999999796,3.0480637670543396
1.1851999999999796,3.0471705716495
1.1852999999999796,3.046278192387077
1.1853999999999796,3.04538662828265
1.1854999999999796,3.044495878353352
1.1855999999999796,3.043605941617866
1.1856999999999795,3.042716817096422
1.1857999999999795,3.0418285038107955
1.1858999999999795,3.040941000784301
1.1859999999999795,3.0400543070417934
1.1860999999999795,3.0391684216096606
1.1861999999999795,3.0382833435158236
1.1862999999999795,3.037399071789732
1.1863999999999795,3.0365156054623617
1.1864999999999795,3.035632943566211
1.1865999999999794,3.034751085135299
1.1866999999999794,3.033870029205161
1.1867999999999794,3.0329897748128465
1.1868999999999794,3.032110320996917
1.1869999999999794,3.0312316667974404
1.1870999999999794,3.030353811255991
1.1871999999999794,3.0294767534156453
1.1872999999999794,3.028600492320978
1.1873999999999794,3.0277250270180613
1.1874999999999793,3.0268503565544593
1.1875999999999793,3.025976479979228
1.1876999999999793,3.0251033963429097
1.1877999999999793,3.0242311046975323
1.1878999999999793,3.023359604096605
1.1879999999999793,3.022488893595115
1.1880999999999793,3.0216189722495264
1.1881999999999793,3.0207498391177765
1.1882999999999793,3.019881493259272
1.1883999999999793,3.019013933734887
1.1884999999999792,3.01814715960696
1.1885999999999792,3.017281169939291
1.1886999999999792,3.0164159637971397
1.1887999999999792,3.01555154024722
1.1888999999999792,3.0146878983577
1.1889999999999792,3.0138250371981976
1.1890999999999792,3.012962955839778
1.1891999999999792,3.012101653354951
1.1892999999999792,3.011241128817668
1.1893999999999791,3.01038138130332
1.1894999999999791,3.0095224098887328
1.1895999999999791,3.0086642136521666
1.189699999999979,3.007806791673312
1.189799999999979,3.0069501430332877
1.189899999999979,3.006094266814636
1.189999999999979,3.005239162101323
1.190099999999979,3.0043848279787335
1.190199999999979,3.0035312635336693
1.190299999999979,3.002678467854346
1.190399999999979,3.0018264400303907
1.190499999999979,3.0009751791528387
1.190599999999979,3.000124684314131
1.190699999999979,2.9992749546081123
1.190799999999979,2.998425989130027
1.190899999999979,2.997577786976517
1.190999999999979,2.99673034724562
1.191099999999979,2.9958836690367656
1.191199999999979,2.9950377514507722
1.191299999999979,2.994192593589846
1.191399999999979,2.9933481945575773
1.191499999999979,2.992504553458937
1.191599999999979,2.9916616694002767
1.1916999999999789,2.990819541489322
1.1917999999999789,2.989978168835173
1.1918999999999789,2.989137550548302
1.1919999999999789,2.988297685740547
1.1920999999999788,2.9874585735251142
1.1921999999999788,2.986620213016571
1.1922999999999788,2.9857826033308457
1.1923999999999788,2.9849457435852247
1.1924999999999788,2.984109632898349
1.1925999999999788,2.9832742703902126
1.1926999999999788,2.9824396551821595
1.1927999999999788,2.9816057863968806
1.1928999999999788,2.980772663158412
1.1929999999999787,2.9799402845921326
1.1930999999999787,2.979108649824759
1.1931999999999787,2.9782777579843467
1.1932999999999787,2.977447608200285
1.1933999999999787,2.9766181996032954
1.1934999999999787,2.9757895313254283
1.1935999999999787,2.9749616025000614
1.1936999999999787,2.9741344122618965
1.1937999999999787,2.9733079597469576
1.1938999999999786,2.9724822440925873
1.1939999999999786,2.9716572644374453
1.1940999999999786,2.970833019921505
1.1941999999999786,2.970009509686053
1.1942999999999786,2.969186732873683
1.1943999999999786,2.9683646886282977
1.1944999999999786,2.9675433760951018
1.1945999999999786,2.966722794420603
1.1946999999999786,2.965902942752608
1.1947999999999785,2.96508382024022
1.1948999999999785,2.9642654260338377
1.1949999999999785,2.96344775928515
1.1950999999999785,2.9626308191471358
1.1951999999999785,2.9618146047740614
1.1952999999999785,2.960999115321477
1.1953999999999785,2.960184349946215
1.1954999999999785,2.9593703078063878
1.1955999999999785,2.9585569880613845
1.1956999999999784,2.957744389871869
1.1957999999999784,2.956932512399778
1.1958999999999784,2.956121354808317
1.1959999999999784,2.9553109162619604
1.1960999999999784,2.954501195926447
1.1961999999999784,2.953692192968779
1.1962999999999784,2.952883906557217
1.1963999999999784,2.9520763358612823
1.1964999999999784,2.95126948005175
1.1965999999999783,2.950463338300648
1.1966999999999783,2.9496579097812563
1.1967999999999783,2.948853193668103
1.1968999999999783,2.948049189136962
1.1969999999999783,2.9472458953648504
1.1970999999999783,2.946443311530028
1.1971999999999783,2.9456414368119925
1.1972999999999783,2.9448402703914796
1.1973999999999783,2.9440398114504576
1.1974999999999782,2.9432400591721284
1.1975999999999782,2.9424410127409226
1.1976999999999782,2.941642671342499
1.1977999999999782,2.9408450341637407
1.1978999999999782,2.9400481003927545
1.1979999999999782,2.939251869218867
1.1980999999999782,2.9384563398326238
1.1981999999999782,2.9376615114257847
1.1982999999999782,2.9368673831913252
1.1983999999999781,2.936073954323431
1.1984999999999781,2.9352812240174964
1.1985999999999781,2.934489191470124
1.1986999999999781,2.9336978558791196
1.198799999999978,2.9329072164434917
1.198899999999978,2.932117272363449
1.198999999999978,2.931328022840398
1.199099999999978,2.9305394670769407
1.199199999999978,2.9297516042768716
1.199299999999978,2.9289644336451777
1.199399999999978,2.9281779543880333
1.199499999999978,2.9273921657128
1.199599999999978,2.9266070668280246
1.199699999999978,2.9258226569434345
1.199799999999978,2.925038935269938
1.199899999999978,2.924255901019621
